"image_id","class_id","class_name","source_id","source_group","collection_group","type","variation","status","qc_note","original_filename","original_path","dataset_path","sha256"
"Plant_001_SRC_001_ORG","Plant_001","Variegated_Dracaena","Plant_001_SRC_001","Plant_001_SRC_001","Plant_001_SITE_001","Original","None","Keep_Provisional","BOTANICAL_ID_PENDING_CONFIRMATION","WhatsApp Image 2026-09-21 at 5.50.17 PM (1).jpeg","Images_plants/WhatsApp Image 2026-09-21 at 5.50.17 PM (1).jpeg","Plant_Dataset/Plant_001_Variegated_Dracaena/original/Plant_001_SRC_001_ORG.jpeg","80EEF25865ED8C83DDCDD29F1CBBBDD67A6BD02B19AAE014BF923000CDA46056"
"Plant_001_SRC_002_ORG","Plant_001","Variegated_Dracaena","Plant_001_SRC_002","Plant_001_SRC_002","Plant_001_SITE_001","Original","None","Keep_Provisional","BOTANICAL_ID_PENDING_CONFIRMATION","WhatsApp Image 2026-09-21 at 5.50.18 PM.jpeg","Images_plants/WhatsApp Image 2026-09-21 at 5.50.18 PM.jpeg","Plant_Dataset/Plant_001_Variegated_Dracaena/original/Plant_001_SRC_002_ORG.jpeg","833B9F72A0DBB5CC7E2E948DCC1E3E857CF54FCB554938522D68F1BD66292E5D"
"Plant_001_SRC_003_ORG","Plant_001","Variegated_Dracaena","Plant_001_SRC_003","Plant_001_SRC_003","Plant_001_SITE_001","Original","None","Keep_Provisional","BOTANICAL_ID_PENDING_CONFIRMATION","WhatsApp Image 2026-09-21 at 5.51.07 PM.jpeg","Images_plants/WhatsApp Image 2026-09-21 at 5.51.07 PM.jpeg","Plant_Dataset/Plant_001_Variegated_Dracaena/original/Plant_001_SRC_003_ORG.jpeg","CEBF759A731A1DBFF3749C117742E00FD9CF08FB777D33FB5680EE50FAF1FDCD"
"Plant_002_SRC_001_ORG","Plant_002","Fern_Unidentified","Plant_002_SRC_001","Plant_002_SRC_001","Plant_002_SITE_001","Original","None","Review","TARGET_OBSCURED","WhatsApp Image 2026-09-21 at 5.50.17 PM.jpeg","Images_plants/WhatsApp Image 2026-09-21 at 5.50.17 PM.jpeg","Review_Only/Plant_002_Fern_Unidentified/original/Plant_002_SRC_001_ORG.jpeg","9BFB10F3DBCE140758158F564EA63EF9D3C832BA887E34922ECA9215551600AB"
"Plant_003_SRC_001_ORG","Plant_003","Variegated_Umbrella_Plant","Plant_003_SRC_001","Plant_003_SRC_001","Plant_003_SITE_001","Original","None","Keep_Provisional","BOTANICAL_ID_PENDING_CONFIRMATION","WhatsApp Image 2026-09-21 at 5.50.18 PM (1).jpeg","Images_plants/WhatsApp Image 2026-09-21 at 5.50.18 PM (1).jpeg","Plant_Dataset/Plant_003_Variegated_Umbrella_Plant/original/Plant_003_SRC_001_ORG.jpeg","2476A5F4BA9EC4A268E67C349974D1CA40C97FDBADDD700333CB3C1F9F883484"
"Plant_003_SRC_002_ORG","Plant_003","Variegated_Umbrella_Plant","Plant_003_SRC_002","Plant_003_SRC_002","Plant_003_SITE_001","Original","None","Keep_Provisional","BOTANICAL_ID_PENDING_CONFIRMATION","WhatsApp Image 2026-09-21 at 5.50.18 PM (2).jpeg","Images_plants/WhatsApp Image 2026-09-21 at 5.50.18 PM (2).jpeg","Plant_Dataset/Plant_003_Variegated_Umbrella_Plant/original/Plant_003_SRC_002_ORG.jpeg","0CAC1CDEDD87755C2FB71CFA435066071EF8C843367349806F7EF4E0887D2544"
"Plant_004_SRC_001_ORG","Plant_004","Purple_Cordyline","Plant_004_SRC_001","Plant_004_SRC_001","Plant_004_SITE_001","Original","None","Keep_Provisional","BOTANICAL_ID_PENDING_CONFIRMATION","WhatsApp Image 2026-09-21 at 5.50.19 PM (1).jpeg","Images_plants/WhatsApp Image 2026-09-21 at 5.50.19 PM (1).jpeg","Plant_Dataset/Plant_004_Purple_Cordyline/original/Plant_004_SRC_001_ORG.jpeg","227C039F489DE27E8C0CEABFC80523B8F447FFE06A0DD3A0C3BD3A6FEC05D2C7"
"Plant_004_SRC_002_ORG","Plant_004","Purple_Cordyline","Plant_004_SRC_002","Plant_004_SRC_002","Plant_004_SITE_001","Original","None","Keep_Provisional","BOTANICAL_ID_PENDING_CONFIRMATION","WhatsApp Image 2026-09-21 at 5.50.51 PM.jpeg","Images_plants/WhatsApp Image 2026-09-21 at 5.50.51 PM.jpeg","Plant_Dataset/Plant_004_Purple_Cordyline/original/Plant_004_SRC_002_ORG.jpeg","0B9BD7B11852440373C4207FFFCFA70D987914AF5F5993F89AF25442D9C1534A"
"Plant_005_SRC_001_ORG","Plant_005","Lobed_Leaf_Shrub_Unidentified","Plant_005_SRC_001","Plant_005_SRC_001","Plant_005_SITE_001","Original","None","Review","CLASS_MAY_CONTAIN_MULTIPLE_TAXA","WhatsApp Image 2026-09-21 at 5.50.19 PM.jpeg","Images_plants/WhatsApp Image 2026-09-21 at 5.50.19 PM.jpeg","Review_Only/Plant_005_Lobed_Leaf_Shrub_Unidentified/original/Plant_005_SRC_001_ORG.jpeg","2009B2D9531F5A908A05ED32795CC50D253B828CEAA318A8B44C30BB831E8D68"
"Plant_005_SRC_002_ORG","Plant_005","Lobed_Leaf_Shrub_Unidentified","Plant_005_SRC_002","Plant_005_SRC_002","Plant_005_SITE_001","Original","None","Review","CLASS_MAY_CONTAIN_MULTIPLE_TAXA","WhatsApp Image 2026-09-21 at 5.50.52 PM.jpeg","Images_plants/WhatsApp Image 2026-09-21 at 5.50.52 PM.jpeg","Review_Only/Plant_005_Lobed_Leaf_Shrub_Unidentified/original/Plant_005_SRC_002_ORG.jpeg","B245E741A44BC6F13BA50F3273DF8E9EB8B44A4C2889E380F41E87AC3E1D1D58"
"Plant_005_SRC_003_ORG","Plant_005","Lobed_Leaf_Shrub_Unidentified","Plant_005_SRC_003","Plant_005_SRC_003","Plant_005_SITE_001","Original","None","Review","CLASS_MAY_CONTAIN_MULTIPLE_TAXA","WhatsApp Image 2026-09-21 at 5.50.56 PM.jpeg","Images_plants/WhatsApp Image 2026-09-21 at 5.50.56 PM.jpeg","Review_Only/Plant_005_Lobed_Leaf_Shrub_Unidentified/original/Plant_005_SRC_003_ORG.jpeg","D61DDA3BF472FEA223C8821E6A1325AA4C165450571129B5BB240FBCF284B31D"
"Plant_006_SRC_001_ORG","Plant_006","White_Flowering_Shrub_Unidentified","Plant_006_SRC_001","Plant_006_SRC_001","Plant_006_SITE_001","Original","None","Keep_Provisional","BOTANICAL_ID_PENDING_CONFIRMATION","WhatsApp Image 2026-09-21 at 5.51.09 PM.jpeg","Images_plants/WhatsApp Image 2026-09-21 at 5.51.09 PM.jpeg","Plant_Dataset/Plant_006_White_Flowering_Shrub_Unidentified/original/Plant_006_SRC_001_ORG.jpeg","A14BA591159CC1FB1377A7736033D008271356A646E64260EBB80D959A7F7EF7"
"Plant_006_SRC_002_ORG","Plant_006","White_Flowering_Shrub_Unidentified","Plant_006_SRC_002","Plant_006_SRC_002","Plant_006_SITE_001","Original","None","Keep_Provisional","BOTANICAL_ID_PENDING_CONFIRMATION","WhatsApp Image 2026-09-21 at 5.51.10 PM (1).jpeg","Images_plants/WhatsApp Image 2026-09-21 at 5.51.10 PM (1).jpeg","Plant_Dataset/Plant_006_White_Flowering_Shrub_Unidentified/original/Plant_006_SRC_002_ORG.jpeg","D05DE6FEEA549AE417311B9C3227F59111502244420302CA7290BD823BC6A1E0"
"Plant_006_SRC_003_ORG","Plant_006","White_Flowering_Shrub_Unidentified","Plant_006_SRC_003","Plant_006_SRC_003","Plant_006_SITE_001","Original","None","Keep_Provisional","BOTANICAL_ID_PENDING_CONFIRMATION","WhatsApp Image 2026-09-21 at 5.51.10 PM.jpeg","Images_plants/WhatsApp Image 2026-09-21 at 5.51.10 PM.jpeg","Plant_Dataset/Plant_006_White_Flowering_Shrub_Unidentified/original/Plant_006_SRC_003_ORG.jpeg","F0E8746A66E801F95DD6B6D42665A45D1CC4FDAD000DDCB2CBD87CBD5E888E7D"
"Plant_006_SRC_004_ORG","Plant_006","White_Flowering_Shrub_Unidentified","Plant_006_SRC_004","Plant_006_SRC_004","Plant_006_SITE_001","Original","None","Keep_Provisional","BOTANICAL_ID_PENDING_CONFIRMATION","WhatsApp Image 2026-09-21 at 5.51.12 PM (1).jpeg","Images_plants/WhatsApp Image 2026-09-21 at 5.51.12 PM (1).jpeg","Plant_Dataset/Plant_006_White_Flowering_Shrub_Unidentified/original/Plant_006_SRC_004_ORG.jpeg","B9FC615BC2250DCA2901866FF486BCD7A3ACA8105FF9FBC0F8557061EAF82CBC"
"Plant_006_SRC_005_ORG","Plant_006","White_Flowering_Shrub_Unidentified","Plant_006_SRC_005","Plant_006_SRC_005","Plant_006_SITE_001","Original","None","Keep_Provisional","BOTANICAL_ID_PENDING_CONFIRMATION","WhatsApp Image 2026-09-21 at 5.51.18 PM (2).jpeg","Images_plants/WhatsApp Image 2026-09-21 at 5.51.18 PM (2).jpeg","Plant_Dataset/Plant_006_White_Flowering_Shrub_Unidentified/original/Plant_006_SRC_005_ORG.jpeg","B90242A85DB32053F151F450B58E72388D84960FECBFA0F696EBACEA4C1984E3"
"Plant_007_SRC_001_ORG","Plant_007","Mimusops_elengi","Plant_007_SRC_001","Plant_007_SRC_001","Plant_007_SITE_001","Original","None","Keep_Provisional","VISIBLE_SIGN_IN_ORIGINALS_CHECK_AND_CROP","WhatsApp Image 2026-09-21 at 5.51.12 PM (2).jpeg","Images_plants/WhatsApp Image 2026-09-21 at 5.51.12 PM (2).jpeg","Plant_Dataset/Plant_007_Mimusops_elengi/original/Plant_007_SRC_001_ORG.jpeg","845FDD91F2E46DFEE69DACC454AD48F884E557161FD3F15A389C20F214E35C8F"
"Plant_007_SRC_002_ORG","Plant_007","Mimusops_elengi","Plant_007_SRC_002","Plant_007_SRC_002","Plant_007_SITE_001","Original","None","Keep_Provisional","VISIBLE_SIGN_IN_ORIGINALS_CHECK_AND_CROP","WhatsApp Image 2026-09-21 at 5.51.12 PM.jpeg","Images_plants/WhatsApp Image 2026-09-21 at 5.51.12 PM.jpeg","Plant_Dataset/Plant_007_Mimusops_elengi/original/Plant_007_SRC_002_ORG.jpeg","71D6628C350E62C0819B9EC670839558D8F8E1CB38BBA77F6C00C72AEE53C72C"
"Plant_007_SRC_003_ORG","Plant_007","Mimusops_elengi","Plant_007_SRC_003","Plant_007_SRC_003","Plant_007_SITE_001","Original","None","Keep_Provisional","VISIBLE_SIGN_IN_ORIGINALS_CHECK_AND_CROP","WhatsApp Image 2026-09-21 at 5.51.13 PM (1).jpeg","Images_plants/WhatsApp Image 2026-09-21 at 5.51.13 PM (1).jpeg","Plant_Dataset/Plant_007_Mimusops_elengi/original/Plant_007_SRC_003_ORG.jpeg","F7A977C7AADF23D39CBD1F27826C4AC92B3F307D31E87A2A7E6CC34D2BDC5993"
"Plant_007_SRC_004_ORG","Plant_007","Mimusops_elengi","Plant_007_SRC_004","Plant_007_SRC_004","Plant_007_SITE_001","Original","None","Keep_Provisional","VISIBLE_SIGN_IN_ORIGINALS_CHECK_AND_CROP","WhatsApp Image 2026-09-21 at 5.51.13 PM.jpeg","Images_plants/WhatsApp Image 2026-09-21 at 5.51.13 PM.jpeg","Plant_Dataset/Plant_007_Mimusops_elengi/original/Plant_007_SRC_004_ORG.jpeg","2E57B90EE45809DEA4EE064641AE224EAD16AB3E328CACAA5AF9265F48D45510"
"Plant_007_SRC_005_ORG","Plant_007","Mimusops_elengi","Plant_007_SRC_005","Plant_007_SRC_005","Plant_007_SITE_001","Original","None","Keep_Provisional","VISIBLE_SIGN_IN_ORIGINALS_CHECK_AND_CROP","WhatsApp Image 2026-09-21 at 5.51.14 PM (1).jpeg","Images_plants/WhatsApp Image 2026-09-21 at 5.51.14 PM (1).jpeg","Plant_Dataset/Plant_007_Mimusops_elengi/original/Plant_007_SRC_005_ORG.jpeg","51B357E5717833351C1C016EC9A566A32E0DA2518FECEDF00034CECEBF6BBBFD"
"Plant_007_SRC_006_ORG","Plant_007","Mimusops_elengi","Plant_007_SRC_006","Plant_007_SRC_006","Plant_007_SITE_001","Original","None","Keep_Provisional","VISIBLE_SIGN_IN_ORIGINALS_CHECK_AND_CROP","WhatsApp Image 2026-09-21 at 5.51.16 PM.jpeg","Images_plants/WhatsApp Image 2026-09-21 at 5.51.16 PM.jpeg","Plant_Dataset/Plant_007_Mimusops_elengi/original/Plant_007_SRC_006_ORG.jpeg","5F8C7F88495DDD8606A6D8D5255C70FF697E4844647FA0114F105ABFBD3D5758"
"Plant_007_SRC_007_ORG","Plant_007","Mimusops_elengi","Plant_007_SRC_007","Plant_007_SRC_007","Plant_007_SITE_001","Original","None","Keep_Provisional","VISIBLE_SIGN_IN_ORIGINALS_CHECK_AND_CROP","WhatsApp Image 2026-09-21 at 5.51.18 PM (1).jpeg","Images_plants/WhatsApp Image 2026-09-21 at 5.51.18 PM (1).jpeg","Plant_Dataset/Plant_007_Mimusops_elengi/original/Plant_007_SRC_007_ORG.jpeg","561B53A99E85D6A02D07715DBD2CA4975CFFD643A1F7493D9024FAA7D1C18A95"
"Plant_008_SRC_001_ORG","Plant_008","Mangifera_indica","Plant_008_SRC_001","Plant_008_SRC_001","Plant_008_SITE_001","Original","None","Keep_Provisional","VISIBLE_SIGN_IN_ORIGINALS_CHECK_AND_CROP","WhatsApp Image 2026-09-21 at 5.51.14 PM.jpeg","Images_plants/WhatsApp Image 2026-09-21 at 5.51.14 PM.jpeg","Plant_Dataset/Plant_008_Mangifera_indica/original/Plant_008_SRC_001_ORG.jpeg","2DC279A8C21A182D3B9EEEB0E66FB95DB07501CDE96E13DE138EA2362603BB47"
"Plant_008_SRC_002_ORG","Plant_008","Mangifera_indica","Plant_008_SRC_002","Plant_008_SRC_002","Plant_008_SITE_001","Original","None","Keep_Provisional","VISIBLE_SIGN_IN_ORIGINALS_CHECK_AND_CROP","WhatsApp Image 2026-09-21 at 5.51.15 PM (1).jpeg","Images_plants/WhatsApp Image 2026-09-21 at 5.51.15 PM (1).jpeg","Plant_Dataset/Plant_008_Mangifera_indica/original/Plant_008_SRC_002_ORG.jpeg","D9CBCF701ACE1FEE8E183551AA0CCB1FA5D489C41ED4B2C6BF7D4F397D41A903"
"Plant_008_SRC_003_ORG","Plant_008","Mangifera_indica","Plant_008_SRC_003","Plant_008_SRC_003","Plant_008_SITE_001","Original","None","Keep_Provisional","VISIBLE_SIGN_IN_ORIGINALS_CHECK_AND_CROP","WhatsApp Image 2026-09-21 at 5.51.17 PM.jpeg","Images_plants/WhatsApp Image 2026-09-21 at 5.51.17 PM.jpeg","Plant_Dataset/Plant_008_Mangifera_indica/original/Plant_008_SRC_003_ORG.jpeg","A532D2BAD9C640D62CEC49ABD85E61EEFFD19E6B593217E58810054E34BB8C29"
"Plant_009_SRC_001_ORG","Plant_009","Dragon_Tree_Dracaena_sp","Plant_009_SRC_001","Plant_009_SRC_001","Plant_009_SITE_001","Original","None","Keep_Provisional","BOTANICAL_ID_PENDING_CONFIRMATION","WhatsApp Image 2026-09-21 at 5.51.15 PM.jpeg","Images_plants/WhatsApp Image 2026-09-21 at 5.51.15 PM.jpeg","Plant_Dataset/Plant_009_Dragon_Tree_Dracaena_sp/original/Plant_009_SRC_001_ORG.jpeg","ED9DDA5B8219CCAA90D43D82D54467896B551C702E5F2C1492442332114C8817"
"Plant_009_SRC_002_ORG","Plant_009","Dragon_Tree_Dracaena_sp","Plant_009_SRC_002","Plant_009_SRC_002","Plant_009_SITE_001","Original","None","Keep_Provisional","BOTANICAL_ID_PENDING_CONFIRMATION","WhatsApp Image 2026-09-21 at 5.51.18 PM.jpeg","Images_plants/WhatsApp Image 2026-09-21 at 5.51.18 PM.jpeg","Plant_Dataset/Plant_009_Dragon_Tree_Dracaena_sp/original/Plant_009_SRC_002_ORG.jpeg","33CF9027B4B864DCFF38833269B18836BC786908F414D4274DFB627FD48B86C8"
"Plant_001_SRC_001_AUG_001","Plant_001","Variegated_Dracaena","Plant_001_SRC_001","Plant_001_SRC_001","Plant_001_SITE_001","Synthetic","VIEWPOINT_SCALE","Keep_Provisional","BOTANICAL_ID_PENDING_CONFIRMATION","","","Plant_Dataset/Plant_001_Variegated_Dracaena/generated/Plant_001_SRC_001_AUG_001.png","02E50CE26AF6757456FA2534B5AB07516A445B1FE5677700234C5122E56CA67D"
"Plant_001_SRC_001_AUG_002","Plant_001","Variegated_Dracaena","Plant_001_SRC_001","Plant_001_SRC_001","Plant_001_SITE_001","Synthetic","BACKGROUND_SCALE","Keep_Provisional","BOTANICAL_ID_PENDING_CONFIRMATION","","","Plant_Dataset/Plant_001_Variegated_Dracaena/generated/Plant_001_SRC_001_AUG_002.png","7A633EC520C684DFD6AE21363523BEB5E8EEC619802B9C17C54766776F08F8C4"
"Plant_001_SRC_002_AUG_001","Plant_001","Variegated_Dracaena","Plant_001_SRC_002","Plant_001_SRC_002","Plant_001_SITE_001","Synthetic","VIEWPOINT_CROP","Keep_Provisional","BOTANICAL_ID_PENDING_CONFIRMATION","","","Plant_Dataset/Plant_001_Variegated_Dracaena/generated/Plant_001_SRC_002_AUG_001.png","D1AFCFD1C3727FA5EA750A6561A8E93EABB1C01F55E25CDDDC03EAE4BBE9AA11"
"Plant_001_SRC_002_AUG_002","Plant_001","Variegated_Dracaena","Plant_001_SRC_002","Plant_001_SRC_002","Plant_001_SITE_001","Synthetic","COMPOSITION_BACKGROUND","Keep_Provisional","BOTANICAL_ID_PENDING_CONFIRMATION","","","Plant_Dataset/Plant_001_Variegated_Dracaena/generated/Plant_001_SRC_002_AUG_002.png","70FF2110F076262DDFA6AC89DDE35C4B0CC5173667FC1902E51F9B8CD059F5C2"
"Plant_001_SRC_001_AUG_003","Plant_001","Variegated_Dracaena","Plant_001_SRC_001","Plant_001_SRC_001","Plant_001_SITE_001","Synthetic","VIEWPOINT_LIGHTING","Keep_Provisional","BOTANICAL_ID_PENDING_CONFIRMATION","","","Plant_Dataset/Plant_001_Variegated_Dracaena/generated/Plant_001_SRC_001_AUG_003.png","B2AE29C30E4EA1F6981313F3FE1E7B7F7BC685BB6FD9E63B9C0B38B18E8C6878"
"Plant_001_SRC_002_AUG_003","Plant_001","Variegated_Dracaena","Plant_001_SRC_002","Plant_001_SRC_002","Plant_001_SITE_001","Synthetic","SCALE_LIGHTING","Keep_Provisional","BOTANICAL_ID_PENDING_CONFIRMATION","","","Plant_Dataset/Plant_001_Variegated_Dracaena/generated/Plant_001_SRC_002_AUG_003.png","2159783178BF109DBFE4A6C0001FFFAD1C3CDF544D7CA6F0AF98ACC1AE8DC644"
"Plant_001_SRC_001_AUG_004","Plant_001","Variegated_Dracaena","Plant_001_SRC_001","Plant_001_SRC_001","Plant_001_SITE_001","Synthetic","CROP_SCALE","Keep_Provisional","BOTANICAL_ID_PENDING_CONFIRMATION","","","Plant_Dataset/Plant_001_Variegated_Dracaena/generated/Plant_001_SRC_001_AUG_004.png","05A841D2A2A3CEB49154E77F9F439093AF4822897BED0475B21A21A641658DE5"
"Plant_003_SRC_001_AUG_001","Plant_003","Variegated_Umbrella_Plant","Plant_003_SRC_001","Plant_003_SRC_001","Plant_003_SITE_001","Synthetic","SCALE_BACKGROUND","Keep_Provisional","BOTANICAL_ID_PENDING_CONFIRMATION","","","Plant_Dataset/Plant_003_Variegated_Umbrella_Plant/generated/Plant_003_SRC_001_AUG_001.png","21BF2CE1FCDC90F5BC99D53DB5168A51A441F5BD95D7D6C041B6106C1504DF6A"
"Plant_003_SRC_002_AUG_001","Plant_003","Variegated_Umbrella_Plant","Plant_003_SRC_002","Plant_003_SRC_002","Plant_003_SITE_001","Synthetic","VIEWPOINT_CROP","Keep_Provisional","BOTANICAL_ID_PENDING_CONFIRMATION","","","Plant_Dataset/Plant_003_Variegated_Umbrella_Plant/generated/Plant_003_SRC_002_AUG_001.png","659697A0547F10EDC44B4650883A9FAE390462E7C9CCAFE377B8098473D9CEC2"
"Plant_003_SRC_001_AUG_002","Plant_003","Variegated_Umbrella_Plant","Plant_003_SRC_001","Plant_003_SRC_001","Plant_003_SITE_001","Synthetic","COMPOSITION_BACKGROUND","Keep_Provisional","BOTANICAL_ID_PENDING_CONFIRMATION","","","Plant_Dataset/Plant_003_Variegated_Umbrella_Plant/generated/Plant_003_SRC_001_AUG_002.png","B93FD0616F5D39EE5E6D72D358FC98ABD5262D6A3E3943057E7B7FE8F31ED32A"
"Plant_003_SRC_002_AUG_002","Plant_003","Variegated_Umbrella_Plant","Plant_003_SRC_002","Plant_003_SRC_002","Plant_003_SITE_001","Synthetic","BACKGROUND_SCALE","Keep_Provisional","BOTANICAL_ID_PENDING_CONFIRMATION","","","Plant_Dataset/Plant_003_Variegated_Umbrella_Plant/generated/Plant_003_SRC_002_AUG_002.png","57BEF60C0E72001C7BC3E9DB453A75D590F591BEEB694CFF2ECC154BA4EE24A8"
"Plant_003_SRC_001_AUG_003","Plant_003","Variegated_Umbrella_Plant","Plant_003_SRC_001","Plant_003_SRC_001","Plant_003_SITE_001","Synthetic","VIEWPOINT_CROP","Keep_Provisional","BOTANICAL_ID_PENDING_CONFIRMATION","","","Plant_Dataset/Plant_003_Variegated_Umbrella_Plant/generated/Plant_003_SRC_001_AUG_003.png","66492C59D5097B0C37B9ED4F80E279538ADBF307585E33061D8D69986642E0C0"
"Plant_003_SRC_002_AUG_003","Plant_003","Variegated_Umbrella_Plant","Plant_003_SRC_002","Plant_003_SRC_002","Plant_003_SITE_001","Synthetic","NEAR_DUPLICATE","Rejected","NEAR_DUPLICATE","","","QC_Rejected/Plant_003_SRC_002_AUG_003.png","EC2C571E0B09737494C997D161EDF6EBD4E9E356E920D7C655D162DDFCF08467"
"Plant_003_SRC_001_AUG_004","Plant_003","Variegated_Umbrella_Plant","Plant_003_SRC_001","Plant_003_SRC_001","Plant_003_SITE_001","Synthetic","COMPOSITION_LIGHTING","Keep_Provisional","BOTANICAL_ID_PENDING_CONFIRMATION","","","Plant_Dataset/Plant_003_Variegated_Umbrella_Plant/generated/Plant_003_SRC_001_AUG_004.png","E2D95EEC35FA00DBEBA382D278EB52BC96C8731B03F9A2418DF4BF8FB619733F"
"Plant_003_SRC_002_AUG_004","Plant_003","Variegated_Umbrella_Plant","Plant_003_SRC_002","Plant_003_SRC_002","Plant_003_SITE_001","Synthetic","CROP_VIEWPOINT","Keep_Provisional","BOTANICAL_ID_PENDING_CONFIRMATION","","","Plant_Dataset/Plant_003_Variegated_Umbrella_Plant/generated/Plant_003_SRC_002_AUG_004.png","0AB448C4FFA9BAB2F89780D7E020D6233446C389DB091A50C65ED9E7B84EC87F"
"Plant_003_SRC_001_AUG_005","Plant_003","Variegated_Umbrella_Plant","Plant_003_SRC_001","Plant_003_SRC_001","Plant_003_SITE_001","Synthetic","BACKGROUND_CROP","Keep_Provisional","BOTANICAL_ID_PENDING_CONFIRMATION","","","Plant_Dataset/Plant_003_Variegated_Umbrella_Plant/generated/Plant_003_SRC_001_AUG_005.png","36DCA35F50778FF9029731AD9D0F57A5D5AA67E69DA936F1141223DEA3E407C3"
"Plant_004_SRC_001_AUG_001","Plant_004","Purple_Cordyline","Plant_004_SRC_001","Plant_004_SRC_001","Plant_004_SITE_001","Synthetic","SCALE_COMPOSITION","Keep_Provisional","BOTANICAL_ID_PENDING_CONFIRMATION","","","Plant_Dataset/Plant_004_Purple_Cordyline/generated/Plant_004_SRC_001_AUG_001.png","6ADF5AE45A783523A3D450BB58D5362DB7726BDA8F7A3CFE9067D0C16CB84C2F"
"Plant_004_SRC_002_AUG_001","Plant_004","Purple_Cordyline","Plant_004_SRC_002","Plant_004_SRC_002","Plant_004_SITE_001","Synthetic","VIEWPOINT_CROP","Keep_Provisional","BOTANICAL_ID_PENDING_CONFIRMATION","","","Plant_Dataset/Plant_004_Purple_Cordyline/generated/Plant_004_SRC_002_AUG_001.png","D7DBB73CF530AB274B15D44D5281DFD16D5B6DE000A38FB9E95AFB586FDF1EC1"
"Plant_004_SRC_001_AUG_002","Plant_004","Purple_Cordyline","Plant_004_SRC_001","Plant_004_SRC_001","Plant_004_SITE_001","Synthetic","BACKGROUND_COMPOSITION","Keep_Provisional","BOTANICAL_ID_PENDING_CONFIRMATION","","","Plant_Dataset/Plant_004_Purple_Cordyline/generated/Plant_004_SRC_001_AUG_002.png","C557B484329DF3E740D4230D6C9973B382A06A1021B43B6928F7428839110F60"
"Plant_004_SRC_002_AUG_002","Plant_004","Purple_Cordyline","Plant_004_SRC_002","Plant_004_SRC_002","Plant_004_SITE_001","Synthetic","CROP_LIGHTING","Keep_Provisional","BOTANICAL_ID_PENDING_CONFIRMATION","","","Plant_Dataset/Plant_004_Purple_Cordyline/generated/Plant_004_SRC_002_AUG_002.png","92992474D859517509C5D799D41BAE0C020FD596CD84397547C63E779FC0EED4"
"Plant_004_SRC_002_AUG_003","Plant_004","Purple_Cordyline","Plant_004_SRC_002","Plant_004_SRC_002","Plant_004_SITE_001","Synthetic","BACKGROUND_VIEWPOINT","Keep_Provisional","BOTANICAL_ID_PENDING_CONFIRMATION","","","Plant_Dataset/Plant_004_Purple_Cordyline/generated/Plant_004_SRC_002_AUG_003.png","C0D4F9166892C520B0B99BF476559FC707D4C3C65840394F0E880ADA3E758445"
"Plant_004_SRC_001_AUG_003","Plant_004","Purple_Cordyline","Plant_004_SRC_001","Plant_004_SRC_001","Plant_004_SITE_001","Synthetic","BACKGROUND_SCALE","Keep_Provisional","BOTANICAL_ID_PENDING_CONFIRMATION","","","Plant_Dataset/Plant_004_Purple_Cordyline/generated/Plant_004_SRC_001_AUG_003.png","8228B5E6C02993DAEB2053DE1024EE3A847CDC19F081011EFDE3A9FB270E0E02"
"Plant_005_SRC_001_AUG_001","Plant_005","Lobed_Leaf_Shrub_Unidentified","Plant_005_SRC_001","Plant_005_SRC_001","Plant_005_SITE_001","Synthetic","COMBINATION","Rejected","CLASS_IDENTITY_UNRESOLVED","","","QC_Rejected/Plant_005_SRC_001_AUG_001.png","3B96BD8D5FE6B6D382F6072E7160ED5A77C98C3B1FA4BFFDFAA9A1EEC13EADC9"
"Plant_005_SRC_002_AUG_001","Plant_005","Lobed_Leaf_Shrub_Unidentified","Plant_005_SRC_002","Plant_005_SRC_002","Plant_005_SITE_001","Synthetic","COMBINATION","Rejected","CLASS_IDENTITY_UNRESOLVED","","","QC_Rejected/Plant_005_SRC_002_AUG_001.png","72E1AC71A455559C1002F12DD8FA892BF9FE31A1DDF99B003A775BFB3C9699C9"
"Plant_005_SRC_003_AUG_001","Plant_005","Lobed_Leaf_Shrub_Unidentified","Plant_005_SRC_003","Plant_005_SRC_003","Plant_005_SITE_001","Synthetic","COMBINATION","Rejected","CLASS_IDENTITY_UNRESOLVED","","","QC_Rejected/Plant_005_SRC_003_AUG_001.png","F201441F41B16711AFC31A8633FBD38FB48FDE55E86F5C1429A8B5E6969FD9AF"
"Plant_005_SRC_001_AUG_002","Plant_005","Lobed_Leaf_Shrub_Unidentified","Plant_005_SRC_001","Plant_005_SRC_001","Plant_005_SITE_001","Synthetic","COMBINATION","Rejected","CLASS_IDENTITY_UNRESOLVED","","","QC_Rejected/Plant_005_SRC_001_AUG_002.png","3214753BA4B31B3D840383AB0F802E2D6FE218728A851B3D534985E4F68BB5B6"
"Plant_006_SRC_001_AUG_001","Plant_006","White_Flowering_Shrub_Unidentified","Plant_006_SRC_001","Plant_006_SRC_001","Plant_006_SITE_001","Synthetic","SCALE_BACKGROUND","Keep_Provisional","BOTANICAL_ID_PENDING_CONFIRMATION","","","Plant_Dataset/Plant_006_White_Flowering_Shrub_Unidentified/generated/Plant_006_SRC_001_AUG_001.png","4D4028E3F75FF2FF1F311DCF28A92C99D634A58D8E23BD108ECB960A4EE8466C"
"Plant_006_SRC_002_AUG_001","Plant_006","White_Flowering_Shrub_Unidentified","Plant_006_SRC_002","Plant_006_SRC_002","Plant_006_SITE_001","Synthetic","VIEWPOINT_CROP","Keep_Provisional","BOTANICAL_ID_PENDING_CONFIRMATION","","","Plant_Dataset/Plant_006_White_Flowering_Shrub_Unidentified/generated/Plant_006_SRC_002_AUG_001.png","D932298CF9B51810EE38B7898201791D3F6DBDF32FFF07C0ADBF8A84E78825FD"
"Plant_006_SRC_005_AUG_001","Plant_006","White_Flowering_Shrub_Unidentified","Plant_006_SRC_005","Plant_006_SRC_005","Plant_006_SITE_001","Synthetic","TARGET_TOO_SMALL","Rejected","TARGET_TOO_SMALL","","","QC_Rejected/Plant_006_SRC_005_AUG_001.png","778DE91CD64E1DEF2363B2CC8AA82CBD958D1D6DE7F9BBB9051C1CA1F6787887"
"Plant_006_SRC_003_AUG_001","Plant_006","White_Flowering_Shrub_Unidentified","Plant_006_SRC_003","Plant_006_SRC_003","Plant_006_SITE_001","Synthetic","COMPOSITION_LIGHTING","Keep_Provisional","BOTANICAL_ID_PENDING_CONFIRMATION","","","Plant_Dataset/Plant_006_White_Flowering_Shrub_Unidentified/generated/Plant_006_SRC_003_AUG_001.png","7F34BEA8F5D3D19908D6E2582555A9063A76C20F448AC9AAE425C0C08EAA1350"
"Plant_006_SRC_004_AUG_001","Plant_006","White_Flowering_Shrub_Unidentified","Plant_006_SRC_004","Plant_006_SRC_004","Plant_006_SITE_001","Synthetic","VIEWPOINT_CROP","Keep_Provisional","BOTANICAL_ID_PENDING_CONFIRMATION","","","Plant_Dataset/Plant_006_White_Flowering_Shrub_Unidentified/generated/Plant_006_SRC_004_AUG_001.png","DE2B6398D5618EF087275A1E122E5D6416234C7D4B621D109EC281FD9317861F"
"Plant_006_SRC_001_AUG_002","Plant_006","White_Flowering_Shrub_Unidentified","Plant_006_SRC_001","Plant_006_SRC_001","Plant_006_SITE_001","Synthetic","BACKGROUND_SCALE","Keep_Provisional","BOTANICAL_ID_PENDING_CONFIRMATION","","","Plant_Dataset/Plant_006_White_Flowering_Shrub_Unidentified/generated/Plant_006_SRC_001_AUG_002.png","B6339187EF69DBE9FE615A91CE66FBF2E67CD03E2ACECA20182877D6CEFB32D8"
"Plant_007_SRC_001_AUG_001","Plant_007","Mimusops_elengi","Plant_007_SRC_001","Plant_007_SRC_001","Plant_007_SITE_001","Synthetic","VIEWPOINT_BACKGROUND","Keep","","","","Plant_Dataset/Plant_007_Mimusops_elengi/generated/Plant_007_SRC_001_AUG_001.png","E8B2884BE564C67134E73325964AE3F685E591A48492A76AD1C8086B8827174F"
"Plant_007_SRC_003_AUG_001","Plant_007","Mimusops_elengi","Plant_007_SRC_003","Plant_007_SRC_003","Plant_007_SITE_001","Synthetic","CROP_SCALE","Keep","","","","Plant_Dataset/Plant_007_Mimusops_elengi/generated/Plant_007_SRC_003_AUG_001.png","9A4349B83F2B9DD9E6A591C5D9F6AE0ADD279A1F5E12453C93F7DF18F42B41C1"
"Plant_007_SRC_006_AUG_001","Plant_007","Mimusops_elengi","Plant_007_SRC_006","Plant_007_SRC_006","Plant_007_SITE_001","Synthetic","LIGHTING_BACKGROUND","Keep","","","","Plant_Dataset/Plant_007_Mimusops_elengi/generated/Plant_007_SRC_006_AUG_001.png","91DCA7CFC8741E7D967336BCF313AC367F2DCE1E9B41D7864A816029779D7A45"
"Plant_008_SRC_001_AUG_001","Plant_008","Mangifera_indica","Plant_008_SRC_001","Plant_008_SRC_001","Plant_008_SITE_001","Synthetic","SCALE_BACKGROUND","Keep","","","","Plant_Dataset/Plant_008_Mangifera_indica/generated/Plant_008_SRC_001_AUG_001.png","F9FF1AF2F7A587F4D2D784B7A347B4BBBDCC5BB1D1C3E2FCD31B37B842FAE6F6"
"Plant_008_SRC_002_AUG_001","Plant_008","Mangifera_indica","Plant_008_SRC_002","Plant_008_SRC_002","Plant_008_SITE_001","Synthetic","VIEWPOINT_CROP","Keep","","","","Plant_Dataset/Plant_008_Mangifera_indica/generated/Plant_008_SRC_002_AUG_001.png","AF49C498174A62E5C670F497551EB0DBDC2BAE3644C189B742255F9EC44EDCC3"
"Plant_008_SRC_003_AUG_001","Plant_008","Mangifera_indica","Plant_008_SRC_003","Plant_008_SRC_003","Plant_008_SITE_001","Synthetic","BACKGROUND_COMPOSITION","Keep","","","","Plant_Dataset/Plant_008_Mangifera_indica/generated/Plant_008_SRC_003_AUG_001.png","8CD2447A884EA11C5AB7E41673F5BCBB8AE31A4B3CF4960B6160A4FDA590D2C0"
"Plant_008_SRC_001_AUG_002","Plant_008","Mangifera_indica","Plant_008_SRC_001","Plant_008_SRC_001","Plant_008_SITE_001","Synthetic","NEAR_DUPLICATE","Rejected","NEAR_DUPLICATE","","","QC_Rejected/Plant_008_SRC_001_AUG_002.png","794625F61E1AA56907FC9F0B5926CF337AB657BF118DBFB2A17298701B5F9926"
"Plant_008_SRC_002_AUG_002","Plant_008","Mangifera_indica","Plant_008_SRC_002","Plant_008_SRC_002","Plant_008_SITE_001","Synthetic","CROP_VIEWPOINT","Keep","","","","Plant_Dataset/Plant_008_Mangifera_indica/generated/Plant_008_SRC_002_AUG_002.png","2002545FB9621984839B4A080D10576FF0CF93646A013A1C8F88CDCAA265D322"
"Plant_008_SRC_003_AUG_002","Plant_008","Mangifera_indica","Plant_008_SRC_003","Plant_008_SRC_003","Plant_008_SITE_001","Synthetic","VIEWPOINT_CROP","Keep","","","","Plant_Dataset/Plant_008_Mangifera_indica/generated/Plant_008_SRC_003_AUG_002.png","15DFA36AF9C37828B4C145611804F32CBE66C6D005649E750B349D06734FD23C"
"Plant_008_SRC_001_AUG_003","Plant_008","Mangifera_indica","Plant_008_SRC_001","Plant_008_SRC_001","Plant_008_SITE_001","Synthetic","BACKGROUND_COMPOSITION","Keep","","","","Plant_Dataset/Plant_008_Mangifera_indica/generated/Plant_008_SRC_001_AUG_003.png","DD63BCE53CA46FB7B9D1B2AE311390A9B989F09700E7DB1D52125A65F73BBB23"
"Plant_009_SRC_001_AUG_001","Plant_009","Dragon_Tree_Dracaena_sp","Plant_009_SRC_001","Plant_009_SRC_001","Plant_009_SITE_001","Synthetic","SCALE_VIEWPOINT","Keep_Provisional","BOTANICAL_ID_PENDING_CONFIRMATION","","","Plant_Dataset/Plant_009_Dragon_Tree_Dracaena_sp/generated/Plant_009_SRC_001_AUG_001.png","48DEEBBE38F1A077C07E0E05BF5808324DE398B946FD2BE90DA209273A6DAF6E"
"Plant_009_SRC_002_AUG_001","Plant_009","Dragon_Tree_Dracaena_sp","Plant_009_SRC_002","Plant_009_SRC_002","Plant_009_SITE_001","Synthetic","CROP_BACKGROUND","Keep_Provisional","BOTANICAL_ID_PENDING_CONFIRMATION","","","Plant_Dataset/Plant_009_Dragon_Tree_Dracaena_sp/generated/Plant_009_SRC_002_AUG_001.png","64B31451E37C14ECD4E208899CAF45458EE8AA055BBC51861AA1E8B3008A78F6"
"Plant_009_SRC_001_AUG_002","Plant_009","Dragon_Tree_Dracaena_sp","Plant_009_SRC_001","Plant_009_SRC_001","Plant_009_SITE_001","Synthetic","BACKGROUND_LIGHTING","Keep_Provisional","BOTANICAL_ID_PENDING_CONFIRMATION","","","Plant_Dataset/Plant_009_Dragon_Tree_Dracaena_sp/generated/Plant_009_SRC_001_AUG_002.png","C9862768A898CE6BAA4AA5BBBCC191B6A51E0234913B9D963E967DC186C6AAB4"
"Plant_009_SRC_002_AUG_002","Plant_009","Dragon_Tree_Dracaena_sp","Plant_009_SRC_002","Plant_009_SRC_002","Plant_009_SITE_001","Synthetic","VIEWPOINT_COMPOSITION","Keep_Provisional","BOTANICAL_ID_PENDING_CONFIRMATION","","","Plant_Dataset/Plant_009_Dragon_Tree_Dracaena_sp/generated/Plant_009_SRC_002_AUG_002.png","721362D21888D23D39FBD183C2065A642F93D83C02ADBE8ED69C90F0A4694FA6"
"Plant_009_SRC_001_AUG_003","Plant_009","Dragon_Tree_Dracaena_sp","Plant_009_SRC_001","Plant_009_SRC_001","Plant_009_SITE_001","Synthetic","VIEWPOINT_CROP","Keep_Provisional","BOTANICAL_ID_PENDING_CONFIRMATION","","","Plant_Dataset/Plant_009_Dragon_Tree_Dracaena_sp/generated/Plant_009_SRC_001_AUG_003.png","A444DB58F20169452AEB7C7176F49A8CAB7B88F66D9560EEC18FE0982FECE29B"
"Plant_009_SRC_002_AUG_003","Plant_009","Dragon_Tree_Dracaena_sp","Plant_009_SRC_002","Plant_009_SRC_002","Plant_009_SITE_001","Synthetic","CROP_SCALE","Keep_Provisional","BOTANICAL_ID_PENDING_CONFIRMATION","","","Plant_Dataset/Plant_009_Dragon_Tree_Dracaena_sp/generated/Plant_009_SRC_002_AUG_003.png","CEAB5183D7E724051D274CDE213F571716F7867D04D09333CEC66E9E680D91F7"
